<?xml version="1.0" encoding="UTF-8"?>
<project-private xmlns="http://www.netbeans.org/ns/project-private/1">
    <editor-bookmarks xmlns="http://www.netbeans.org/ns/editor-bookmarks/1"/>
    <editor-bookmarks xmlns="http://www.netbeans.org/ns/editor-bookmarks/2" lastBookmarkId="0"/>
    <open-files xmlns="http://www.netbeans.org/ns/projectui-open-files/2">
        <group>
            <file>file:/root/NetBeansProjects/ict2023/FilterApp/src/main/java/servlets/FilterServlet.java</file>
            <file>file:/root/NetBeansProjects/ict2023/FilterApp/src/main/java/filter/FirstFilter.java</file>
        </group>
    </open-files>
</project-private>
