<?xml version='1.0' encoding='UTF-8'?>

<!-- =========== FULL CONFIGURATION FILE ================================== -->

<faces-config version="2.0"
    xmlns="http://java.sun.com/xml/ns/javaee" 
    xmlns:xsi="http://www.w3.org/2001/XMLSchema-instance" 
    xsi:schemaLocation="http://java.sun.com/xml/ns/javaee http://java.sun.com/xml/ns/javaee/web-facesconfig_2_0.xsd">

    <lifecycle>
      <phase-listener>listener.ListenPhase</phase-listener>
   </lifecycle>


<!--    <navigation-rule>
        <from-view-id>/index.xhtml</from-view-id>
        <navigation-case>
            <from-outcome>Home</from-outcome>
            <to-view-id>/Restricted/Home.jsf</to-view-id>
            <redirect/>
        </navigation-case>
    </navigation-rule>-->

<!--      <navigation-rule>
        <from-view-id>/Register.xhtml</from-view-id>
        <navigation-case>
            <from-outcome>Login</from-outcome>
            <to-view-id>/index.jsf</to-view-id>
            <redirect/>
        </navigation-case>
    </navigation-rule>-->
    <application>
        <resource-bundle>
            <base-name>/Bundle</base-name>
            <var>bundle</var>
        </resource-bundle>
    </application>
</faces-config>
